id,POINT_NAME,TIME,TIME_DIFFERENCE,% of time
0,INIT,0,0,0.0
1,tt1,0.0027520000003278255,0.0027520000003278255,36.13
2,tt2,0.005183999892324209,0.0024319998919963837,31.93
3,END,0.007615999784320593,0.0024319998919963837,31.93
